epoch,train_loss,val_loss
1,1.9289079904556274,1.8956405520439148
