epoch,train_loss,val_loss
1,1.1596513589223225,1.1985446214675903
