epoch,train_loss,val_loss
1,1.5246351559956868,1.4821363687515259
2,0.9577719966570536,0.7464249134063721
