synthetic,variable,max_lag,l1,rmse,lag1_real,lag1_synthetic,lag_last_real,lag_last_synthetic
mainB,price,12,0.2766967280094792,0.3332545819549103,0.7228395088099561,0.23228368529389298,0.0947360692638928,-0.013855405950602135
mainB,load,12,0.4060603291395203,0.4763320248266409,0.75558681808229,-0.04468680948816969,0.10117456722227015,0.03363897719000246
mainB,lambda,12,0.271696983301514,0.32009297823822996,0.7171129881101956,0.23716230502116853,0.09828890660461392,0.07508188136246273
stressA,price,12,0.31146230151464793,0.3809770162387836,0.7228395088099561,0.16311312312931067,0.0947360692638928,0.05648358449575865
stressA,load,12,0.37215006210720847,0.44062608277257365,0.75558681808229,0.005722670682637525,0.10117456722227015,0.04178667568027067
stressA,lambda,12,0.2722475586393312,0.3339549321248315,0.7171129881101956,0.15677110966518526,0.09828890660461392,0.11249318338764501
