synthetic,pair,max_lag,l1,rmse,real_peak_lag,synthetic_peak_lag,real_peak_corr,synthetic_peak_corr
mainB,price|load,4,0.7572735647165518,0.7630218432760698,0,-1,0.8258323626419727,-0.10491121123188724
mainB,price|lambda,4,0.6390768573965168,0.641543061978929,0,0,0.8684144127063018,0.288206324418844
mainB,load|lambda,4,0.8497218648701472,0.8646684364120282,0,0,0.7704771861349269,-0.5145848301482153
stressA,price|load,4,0.7557843497705821,0.7596488223371748,0,-1,0.8258323626419727,-0.1240329952747432
stressA,price|lambda,4,0.6259670383780752,0.6309450415200035,0,0,0.8684144127063018,0.34441830875603824
stressA,load|lambda,4,0.9040777677710012,0.9198862928851036,0,0,0.7704771861349269,-0.600393254148824
