synthetic,variable,mean_diff,std_diff,p95_diff,p99_diff,quantile_rmse,wasserstein_approx,ks_stat
mainB,price,8.731401062620762,9.716986879859444,23.31001420931443,18.92472496919308,13.452084479380755,11.171620748654734,0.3020138888888889
mainB,load,4.083470439793061,7.447589807769864,10.3879306255714,6.046700108256829,9.140025275111132,8.123880352676967,0.3405555555555555
mainB,lambda,2.1000562406782635,2.7383164483784292,6.058148919544646,5.651458162242243,3.5399661201256207,3.080469700319925,0.33986111111111106
stressA,price,8.795416020954121,10.611217692754188,26.14646970931443,18.92472496919308,14.17726712365409,11.946765975398879,0.31666666666666665
stressA,load,3.680873512709738,7.62497661170516,10.3879306255714,6.046700108256829,9.131041836578266,8.118123872494838,0.3369444444444445
stressA,lambda,2.3798695670671535,2.979321835425909,6.99785151954465,5.651458162242243,3.90282137081459,3.3039090945332945,0.33944444444444444
