synthetic,target,baseline_real_mae,baseline_real_rmse,tstr_mae,tstr_rmse,mae_ratio_to_real_baseline,rmse_ratio_to_real_baseline
mainB,price,5.084584861591351,6.440037514437611,15.049060630491866,17.192210023442815,2.95974224841276,2.669582278814436
mainB,load,2.752148038348829,3.461619248805003,8.386764161832145,10.73953227453717,3.04735212095053,3.10245913909931
mainB,lambda,1.209600355499254,1.5205996160985458,2.331819923159842,3.0253972809548624,1.9277606132956202,1.9896080788953685
stressA,price,5.084584861591351,6.440037514437611,20.547563800077953,23.428272440160008,4.041148758336795,3.6379093114966006
stressA,load,2.752148038348829,3.461619248805003,13.273659403901663,16.2937933896732,4.82301795504623,4.7069860139291855
stressA,lambda,1.209600355499254,1.5205996160985458,3.5576231446432893,4.361992157281303,2.941155835866885,2.868600064804051
