synthetic,variable,real_absdiff_p95,synthetic_absdiff_p95,quantile_rmse,wasserstein_approx,ks_stat
mainB,price,13.386524753474026,54.22908000000001,18.848282804727415,14.615008286496735,0.5263157894736842
mainB,load,7.902425052965266,36.395806000000015,15.218930900710452,12.276639471117853,0.6206315789473684
mainB,lambda,3.4493705726273842,13.183155000000003,4.825862436067269,3.9102735981355545,0.5786666666666667
stressA,price,13.386524753474026,54.35766400000003,21.034536839925902,17.484962301800522,0.6359298245614036
stressA,load,7.902425052965266,35.28927,15.051430111152605,12.124229651156735,0.6331228070175439
stressA,lambda,3.4493705726273842,13.2939044,5.476546076641642,4.513577118245452,0.608140350877193
