epoch,train_loss,val_loss
1,1.9242321650187175,1.7265933752059937
