synthetic,variable,max_lag,l1,rmse,lag1_real,lag1_synthetic,lag_last_real,lag_last_synthetic
mainB,price,24,0.22190157274788344,0.27115611101501874,0.7228395088099561,0.23228368529389298,-0.2468649530739147,-0.061544687891194695
mainB,load,24,0.3051443659388415,0.3746273781706334,0.75558681808229,-0.04468680948816969,-0.2448573894948102,0.02934257802744893
mainB,lambda,24,0.22388278019599678,0.26484972030402987,0.7171129881101956,0.23716230502116853,-0.24344193089129415,-0.02983516977111114
stressA,price,24,0.23718748013717836,0.3001864052305066,0.7228395088099561,0.16311312312931067,-0.2468649530739147,-0.11033822571426484
stressA,load,24,0.2882778670021282,0.3510639909742899,0.75558681808229,0.005722670682637525,-0.2448573894948102,-0.09491969000043017
stressA,lambda,24,0.22576984805953795,0.27313656511848355,0.7171129881101956,0.15677110966518526,-0.24344193089129415,-0.07372354491946123
