synthetic,method,fro_norm,max_abs_diff
mainB,pearson,2.3927458797194774,1.2934849623954974
mainB,spearman,2.323953821713959,1.2718526683357503
stressA,pearson,2.4223186805656125,1.3704992062859385
stressA,spearman,2.350975156428041,1.341475385600778
