synthetic,pair,max_lag,l1,rmse,real_peak_lag,synthetic_peak_lag,real_peak_corr,synthetic_peak_corr
mainB,price|load,8,0.6602859056101031,0.6747518645583139,0,-1,0.8258323626419727,-0.10491121123188724
mainB,price|lambda,8,0.5760522659969218,0.5846717876222698,0,0,0.8684144127063018,0.288206324418844
mainB,load|lambda,8,0.7373060450732458,0.7577318442602557,0,0,0.7704771861349269,-0.5145848301482153
stressA,price|load,8,0.665805192178345,0.678761120726429,0,-1,0.8258323626419727,-0.1240329952747432
stressA,price|lambda,8,0.5471480917889043,0.5616929926334333,0,0,0.8684144127063018,0.34441830875603824
stressA,load|lambda,8,0.766587551834166,0.7931420028217709,0,0,0.7704771861349269,-0.600393254148824
