synthetic,nearest_neighbor_mean,nearest_neighbor_p10,diversity_mean,diversity_ratio_to_real
mainB,44.47200626459361,43.781522781807325,4.393105158354525,0.6609345107980802
stressA,43.66723257851072,42.95583437555204,3.7175385422018565,0.5592967682757453
