synthetic,baseline_real_overall_mae,baseline_real_overall_rmse,tstr_overall_mae,tstr_overall_rmse,mae_ratio_to_real_baseline,rmse_ratio_to_real_baseline
mainB,3.015444418479813,4.311577986597641,8.589214905161285,11.833042264123547,2.8484076352139818,2.7444806288802064
stressA,3.015444418479813,4.311577986597641,12.459615449540964,16.667319601902623,4.131933380427643,3.8657121948651483
