dataset,variable,n,mean,std,min,p05,p25,p50,p75,p95,p99,max
real,price,4800.0,126.33316028807366,11.429045803891192,97.51276809392088,110.40301331449345,118.23990264166781,124.85618325299504,132.62471784956637,148.14078579068556,159.17836503080693,178.10319572256532
real,load,4800.0,89.41825917826249,6.173559892087612,73.53566057242523,80.17116356311816,85.08131185761529,88.83463186330073,93.14744104271949,100.8633053744286,105.20453589174318,111.2512875215838
real,lambda,4800.0,25.762579307932846,2.694053488335746,19.196347154945308,21.84610625523833,23.872565289124754,25.456255028536336,27.33515954579434,30.728448930455347,33.21489783775776,38.86638481375075
real,joint_exceedance>=2,4800.0,0.09416666666666666,0.2920604484615395,0.0,0.0,0.0,0.0,0.0,1.0,1.0,1.0
real,joint_exceedance==3,4800.0,0.05625,0.23040385738958452,0.0,0.0,0.0,0.0,0.0,1.0,1.0,1.0
