dataset,n_days,mean_abs_target_error,rmse_target_error,within_0.05,within_0.10
mainB,3,0.399999996026357,0.41569219121645556,0.0,0.0
stressA,3,0.08000000317891438,0.08640987634666081,0.3333333333333333,0.6666666666666666
