dataset,n_days,n,mean,std,min,p05,p25,p50,p75,p95,p99,max
real,50,50.0,0.49999999999999994,0.288859827598093,0.02,0.06,0.25,0.5,0.755,0.9419999999999998,0.9702,0.98
mainB,3,3.0,1.0,0.0,1.0,1.0,1.0,1.0,1.0,1.0,1.0,1.0
stressA,3,3.0,1.0,0.0,1.0,1.0,1.0,1.0,1.0,1.0,1.0,1.0
