epoch,train_loss,val_loss
1,1.8451069990793865,1.615579605102539
