epoch,train_loss,val_loss
1,2.127281367778778,2.2328474521636963
